
/* ================================= */
/* ===== Заполнение таблиц данными ===== */
/* ================================= */

/* ===== CPU =====*/

INSERT INTO CPU (CODE, MODEL, FIRM, FREQUENCY, PRICE)
	VALUES (1, 'Duron', 'AMD', 700, 40);
INSERT INTO CPU (CODE, MODEL, FIRM, FREQUENCY, PRICE)
	VALUES (2, 'Duron', 'AMD', 750, 45);
INSERT INTO CPU (CODE, MODEL, FIRM, FREQUENCY, PRICE)
	VALUES (3, 'Duron', 'AMD', 800, 50);
INSERT INTO CPU (CODE, MODEL, FIRM, FREQUENCY, PRICE)
	VALUES (4, 'Athlon', 'AMD', 1000, 80);
INSERT INTO CPU (CODE, MODEL, FIRM, FREQUENCY, PRICE)
	VALUES (5, 'Athlon', 'AMD', 1200, 90);
INSERT INTO CPU (CODE, MODEL, FIRM, FREQUENCY, PRICE)
	VALUES (6, 'Athlon', 'AMD', 1500, 100);
INSERT INTO CPU (CODE, MODEL, FIRM, FREQUENCY, PRICE)
	VALUES (7, 'Celeron', 'Intel', 800, 60);
INSERT INTO CPU (CODE, MODEL, FIRM, FREQUENCY, PRICE)
	VALUES (8, 'Celeron', 'Intel', 1000, 90);
INSERT INTO CPU (CODE, MODEL, FIRM, FREQUENCY, PRICE)
	VALUES (9, 'P-III', 'Intel', 800, 60);
INSERT INTO CPU (CODE, MODEL, FIRM, FREQUENCY, PRICE)
	VALUES (10, 'P-III', 'Intel', 1000, 90);
INSERT INTO CPU (CODE, MODEL, FIRM, FREQUENCY, PRICE)
	VALUES (11, 'P-4', 'Intel', 1500, 110);
INSERT INTO CPU (CODE, MODEL, FIRM, FREQUENCY, PRICE)
	VALUES (12, 'P-4', 'Intel', 2000, 150);


/* ===== HDD ===== */

INSERT INTO HDD (CODE, FIRM, CAPACITY, PRICE)
	VALUES (1, 'Quantum', 20, 80);
INSERT INTO HDD (CODE, FIRM, CAPACITY, PRICE)
	VALUES (2, 'Quantum', 30, 90);
INSERT INTO HDD (CODE, FIRM, CAPACITY, PRICE)
	VALUES (3, 'Quantum', 40, 100);
INSERT INTO HDD (CODE, FIRM, CAPACITY, PRICE)
	VALUES (4, 'Seagate', 30, 95);
INSERT INTO HDD (CODE, FIRM, CAPACITY, PRICE)
	VALUES (5, 'Seagate', 40, 103);
INSERT INTO HDD (CODE, FIRM, CAPACITY, PRICE)
	VALUES (6, 'Fujitsu', 20, 82);
INSERT INTO HDD (CODE, FIRM, CAPACITY, PRICE)
	VALUES (7, 'Fujitsu', 30, 93);
INSERT INTO HDD (CODE, FIRM, CAPACITY, PRICE)
	VALUES (8, 'Fujitsu', 40, 105);
INSERT INTO HDD (CODE, FIRM, CAPACITY, PRICE)
	VALUES (9, 'IBM', 30, 115);
INSERT INTO HDD (CODE, FIRM, CAPACITY, PRICE)
	VALUES (10, 'IBM', 40, 125);

/* ===== MONITOR ===== */

INSERT INTO MONITOR (CODE, FIRM, MODEL, DIAGONAL, DOT_PITCH, WIDTH, HEIGHT, PRICE)
	VALUES (1, 'Samsung', '55E', 15, 0.28, 800, 600, 140);
INSERT INTO MONITOR (CODE, FIRM, MODEL, DIAGONAL, DOT_PITCH, WIDTH, HEIGHT, PRICE)
	VALUES (2, 'Samsung', '757DFX'	, 17, 0.2, 1024, 768, 230);
INSERT INTO MONITOR (CODE, FIRM, MODEL, DIAGONAL, DOT_PITCH, WIDTH, HEIGHT, PRICE)
	VALUES (3, 'Samtron', '76DF', 17, 0.2, 1024, 768, 210);
INSERT INTO MONITOR (CODE, FIRM, MODEL, DIAGONAL, DOT_PITCH, WIDTH, HEIGHT, PRICE)
	VALUES (4, 'Philips', '107S20', 17, 0.27, 1024, 768, 240);
INSERT INTO MONITOR (CODE, FIRM, MODEL, DIAGONAL, DOT_PITCH, WIDTH, HEIGHT, PRICE)
	VALUES (5, 'Sony', 'E230', 17, 0.24, 1024, 768, 380);
INSERT INTO MONITOR (CODE, FIRM, MODEL, DIAGONAL, DOT_PITCH, WIDTH, HEIGHT, PRICE)
	VALUES (6, 'Sony', 'G220', 17, 0.24, 1024, 768, 410);
INSERT INTO MONITOR (CODE, FIRM, MODEL, DIAGONAL, DOT_PITCH, WIDTH, HEIGHT, PRICE)
	VALUES (7, 'Hewlett Packard', 'HP P920', 19, 0.24, 1920, 1440, 500);
INSERT INTO MONITOR (CODE, FIRM, MODEL, DIAGONAL, DOT_PITCH, WIDTH, HEIGHT, PRICE)
	VALUES (8, 'Hewlett Packard', 'HP P1130', 21, 0.25, 1600, 1200, 1000);

/* ===== COMPUTER =====*/

INSERT INTO COMPUTER (MODEL, FIRM, CPU, HDD, MONITOR)
	VALUES ('I-1', 'IBM', 7, 9	, 5);
INSERT INTO COMPUTER (MODEL, FIRM, CPU, HDD, MONITOR)
	VALUES ('I-2', 'IBM', 8, 10, 6);
INSERT INTO COMPUTER (MODEL, FIRM, CPU, HDD, MONITOR)
	VALUES ('I-3', 'IBM', 11, 9, 7);
INSERT INTO COMPUTER (MODEL, FIRM, CPU, HDD, MONITOR)
	VALUES ('I-4', 'IBM', 12, 10, 8);
INSERT INTO COMPUTER (MODEL, FIRM, CPU, HDD, MONITOR)
	VALUES ('D-1', 'Dell', 1, 1, 1);
INSERT INTO COMPUTER (MODEL, FIRM, CPU, HDD, MONITOR)
	VALUES ('D-2', 'Dell', 2, 2, 2);
INSERT INTO COMPUTER (MODEL, FIRM, CPU, HDD, MONITOR)
	VALUES ('D-3', 'Dell', 5, 3, 3);
INSERT INTO COMPUTER (MODEL, FIRM, CPU, HDD, MONITOR)
	VALUES ('D-4', 'Dell', 6, 8, 4);
INSERT INTO COMPUTER (MODEL, FIRM, CPU, HDD, MONITOR)
	VALUES ('C-1', 'Compaq', 3, 4, 2);
INSERT INTO COMPUTER (MODEL, FIRM, CPU, HDD, MONITOR)
	VALUES ('C-2', 'Compaq', 4, 5, 3);
INSERT INTO COMPUTER (MODEL, FIRM, CPU, HDD, MONITOR)
	VALUES ('C-3', 'Compaq', 9, 6, 5);
INSERT INTO COMPUTER (MODEL, FIRM, CPU, HDD, MONITOR)
	VALUES ('C-4', 'Compaq', 10, 7, 6);



